Position,Mutation,Model,IntraclashesGroup1,IntraclashesGroup2,Interaction_Energy,Backbone_Hbond,Sidechain_Hbond,Van_der_Waals,Electrostatics,Solvation_Polar,Solvation_Hydrophobic,Van_der_Waals_clashes,entropy_sidechain,entropy_mainchain,sloop_entropy,mloop_entropy,cis_bond,torsional_clash,backbone_clash,helix_dipole,water_bridge,disulfide,electrostatic_kon,partial_covalent_bonds,energy_Ionisation,Entropy_Complex
TA1090,R,1_0,0.0,-0.033999999999991815,1.5197500000000002,-0.03318999999999939,-0.9943099999999996,-1.4625000000000004,-0.12934599999999996,2.662399999999998,-0.6897000000000002,0.13222699999999998,2.0352999999999994,-0.03262000000000009,0,0,0,0.03146099999999999,0.18758999999999992,0,0,0,0.0,0,0.0,0.0
TA1090,R,1_1,0.0,0.019000000000005457,1.7238800000000003,-0.02271999999999963,0.019379999999999953,-0.7527000000000008,-0.02516599999999991,1.6191999999999993,-0.3193999999999999,0.016360999999999987,1.1773000000000007,-0.026590000000000114,0,0,0,0.03820500000000002,0.18981000000000003,0,0,0,0.0,0,0.0,0.0
TA1090,R,1_2,0.0,0.28999999999999204,1.5854600000000003,-0.10775000000000112,-0.07814999999999994,-1.2728000000000002,-0.00656000000000001,2.420900000000003,-0.8009000000000004,0.017155000000000004,1.5515000000000008,-0.17010000000000014,0,0,0,0.032193,0.10461000000000009,0,0,0,0.0,0,0.0,0.0
TA1090,R,1_3,0.0,0.0010000000000047748,1.5459199999999997,-0.06234999999999857,-0.011219999999999786,-0.6372,-0.028549999999999964,1.5008999999999943,-0.24520000000000053,0.022491999999999984,1.0153999999999996,-0.03937999999999997,0,0,0,0.031017000000000017,0.15780000000000016,0,0,0,0.0,0,0.0,0.0
TA1090,R,1_4,0.0,0.036000000000001364,2.5325499999999996,0.5227000000000004,0.5766099999999996,-0.7927999999999997,0.028166000000000024,1.8138000000000005,-0.38180000000000014,0.0010069999999999801,0.7574999999999985,-0.03529999999999989,0,0,0,0.04269200000000001,0.16509000000000018,0,0,0,0.0,0,0.0,0.0
