Position,Mutation,Model,IntraclashesGroup1,IntraclashesGroup2,Interaction_Energy,Backbone_Hbond,Sidechain_Hbond,Van_der_Waals,Electrostatics,Solvation_Polar,Solvation_Hydrophobic,Van_der_Waals_clashes,entropy_sidechain,entropy_mainchain,sloop_entropy,mloop_entropy,cis_bond,torsional_clash,backbone_clash,helix_dipole,water_bridge,disulfide,electrostatic_kon,partial_covalent_bonds,energy_Ionisation,Entropy_Complex
GA702,S,1_0,0.0,0.054400000000001114,4.760977,-0.05710000000000015,0.0,-0.8511000000000024,-0.0012309999999999821,1.6677000000000035,-0.5558999999999976,4.08798,0.4541000000000004,0.0,0,0,0,0.016451000000000007,-0.035889999999999755,0.0,0,0,0,0,0.0,0.0
GA702,S,1_1,0.0,0.02790000000000248,4.785926,-0.06099999999999994,0.0,-0.8902999999999999,-0.0012349999999999861,1.714499999999994,-0.6013999999999982,4.15032,0.4527000000000001,0.0,0,0,0,0.022264999999999993,-0.035889999999999755,0.0,0,0,0,0,0.0,0.0
GA702,S,1_2,0.0,0.02580000000000382,4.7080340000000005,-0.059499999999999886,0.0,-0.8887,-0.0012349999999999861,1.705200000000005,-0.6036000000000001,4.08135,0.45319999999999894,0.0,0,0,0,0.021242800000000006,-0.035889999999999755,0.0,0,0,0,0,0.0,0.0
GA702,S,1_3,0.0,0.09949999999999193,4.747101000000001,-0.05819999999999936,0.0,-0.8313999999999986,-0.0012320000000000109,1.6231000000000009,-0.5462999999999987,4.089589999999999,0.4538999999999991,0.0,0,0,0,0.017490000000000006,-0.035889999999999755,0.0,0,0,0,0,0.0,0.0
GA702,S,1_4,0.0,0.02420000000000755,4.704827,-0.05830000000000091,0.0,-0.8892999999999986,-0.0012339999999999574,1.7036999999999978,-0.6052999999999997,4.08111,0.4535999999999998,0.0,0,0,0,0.020442600000000005,-0.035889999999999755,0.0,0,0,0,0,0.0,0.0
