Position,Mutation,Model,IntraclashesGroup1,IntraclashesGroup2,Interaction_Energy,Backbone_Hbond,Sidechain_Hbond,Van_der_Waals,Electrostatics,Solvation_Polar,Solvation_Hydrophobic,Van_der_Waals_clashes,entropy_sidechain,entropy_mainchain,sloop_entropy,mloop_entropy,cis_bond,torsional_clash,backbone_clash,helix_dipole,water_bridge,disulfide,electrostatic_kon,partial_covalent_bonds,energy_Ionisation,Entropy_Complex
GA702,S,1_0,,0.054400000000001114,4.760977,,,,,1.6677000000000035,,4.08798,0.4541000000000004,,,,,0.016451000000000007,,,,,,,,
GA702,S,1_1,,0.02790000000000248,4.785926,,,,,1.714499999999994,,4.15032,0.4527000000000001,,,,,0.022264999999999993,,,,,,,,
GA702,S,1_2,,0.02580000000000382,4.7080340000000005,,,,,1.705200000000005,,4.08135,0.45319999999999894,,,,,0.021242800000000006,,,,,,,,
GA702,S,1_3,,0.09949999999999193,4.747101000000001,,,,,1.6231000000000009,,4.089589999999999,0.4538999999999991,,,,,0.017490000000000006,,,,,,,,
GA702,S,1_4,,0.02420000000000755,4.704827,,,,,1.7036999999999978,,4.08111,0.4535999999999998,,,,,0.020442600000000005,,,,,,,,
