Position,Mutation,Model,IntraclashesGroup1,IntraclashesGroup2,Interaction_Energy,Backbone_Hbond,Sidechain_Hbond,Van_der_Waals,Electrostatics,Solvation_Polar,Solvation_Hydrophobic,Van_der_Waals_clashes,entropy_sidechain,entropy_mainchain,sloop_entropy,mloop_entropy,cis_bond,torsional_clash,backbone_clash,helix_dipole,water_bridge,disulfide,electrostatic_kon,partial_covalent_bonds,energy_Ionisation,Entropy_Complex
TA1090,R,1_0,,,1.5197500000000002,,,,,2.662399999999998,,0.13222699999999998,2.0352999999999994,,,,,0.03146099999999999,0.18758999999999992,,,,,,,
TA1090,R,1_1,,0.019000000000005457,1.7238800000000003,,0.019379999999999953,,,1.6191999999999993,,0.016360999999999987,1.1773000000000007,,,,,0.03820500000000002,0.18981000000000003,,,,,,,
TA1090,R,1_2,,0.28999999999999204,1.5854600000000003,,,,,2.420900000000003,,0.017155000000000004,1.5515000000000008,,,,,0.032193,0.10461000000000009,,,,,,,
TA1090,R,1_3,,0.0010000000000047748,1.5459199999999997,,,,,1.5008999999999943,,0.022491999999999984,1.0153999999999996,,,,,0.031017000000000017,0.15780000000000016,,,,,,,
TA1090,R,1_4,,0.036000000000001364,2.5325499999999996,0.5227000000000004,0.5766099999999996,,0.028166000000000024,1.8138000000000005,,0.0010069999999999801,0.7574999999999985,,,,,0.04269200000000001,0.16509000000000018,,,,,,,
